mean_fit_time;std_fit_time;mean_score_time;std_score_time;param_clasificador__min_samples_split;param_clasificador__min_samples_leaf;param_clasificador__max_depth;param_clasificador__class_weight;param_clasificador__ccp_alpha;params;split0_test_score;split1_test_score;split2_test_score;split3_test_score;split4_test_score;mean_test_score;std_test_score;rank_test_score;split0_train_score;split1_train_score;split2_train_score;split3_train_score;split4_train_score;mean_train_score;std_train_score
0.21779170036315917;0.010293893333451898;0.036306476593017577;0.0067731036096536973;50;50;12;balanced;0.0001;"{""clasificador__ccp_alpha"":0.0001,""clasificador__class_weight"":""balanced"",""clasificador__max_depth"":12,""clasificador__min_samples_leaf"":50,""clasificador__min_samples_split"":50}";0.508275615325399;0.50596431585526835;0.50387203549050874;0.49895661309040706;0.50947500794129974;0.5053087175405766;0.0037149307820690093;8;0.53502544993559098;0.53840789657373811;0.54697542014977707;0.54211068023514419;0.54826355457878651;0.54215660029460744;0.0050084749995832336
0.21187729835510255;0.017475355650657415;0.030967378616333009;0.0034382561626155076;2;50;12;;0;"{""clasificador__ccp_alpha"":0.0,""clasificador__class_weight"":null,""clasificador__max_depth"":12,""clasificador__min_samples_leaf"":50,""clasificador__min_samples_split"":2}";0.50161798191307982;0.5128463537944149;0.50826161923232316;0.50581297920448842;0.50565306146956235;0.50683839912277373;0.0036832144119213601;7;0.57293638849729922;0.57404954466857894;0.57161221550704733;0.57230252067458021;0.57194591886199031;0.57256931764189933;0.00086042596665811451
0.18849558830261232;0.0097434862021056317;0.027675771713256837;0.0019364029487746669;2;100;12;;0.001;"{""clasificador__ccp_alpha"":0.001,""clasificador__class_weight"":null,""clasificador__max_depth"":12,""clasificador__min_samples_leaf"":100,""clasificador__min_samples_split"":2}";0.52365461486929799;0.53280912045911244;0.513361908945558;0.52317622246411721;0.51789584162693381;0.52217954167300396;0.0065154875750739359;2;0.52406843080706045;0.52237466717683267;0.52639600767676065;0.52203710094332056;0.52919147394010257;0.52481353610881532;0.0026788957323591665
0.10912504196166992;0.0035617154371289294;0.02962632179260254;0.0041279310007919703;50;1;3;balanced;0.001;"{""clasificador__ccp_alpha"":0.001,""clasificador__class_weight"":""balanced"",""clasificador__max_depth"":3,""clasificador__min_samples_leaf"":1,""clasificador__min_samples_split"":50}";0.50069787355306816;0.5145961062783363;0.49225104030343375;0.50428702747909737;0.50044949176758435;0.50245630787630391;0.007238689493316664;13;0.50318323300355194;0.50135274584414169;0.50570656178439377;0.50271285692987977;0.5056807350823288;0.50372722652885915;0.001714467665678618
0.20166034698486329;0.0019181601735902202;0.031302690505981445;0.0047932535010787054;50;50;;;0;"{""clasificador__ccp_alpha"":0.0,""clasificador__class_weight"":null,""clasificador__max_depth"":null,""clasificador__min_samples_leaf"":50,""clasificador__min_samples_split"":50}";0.50058101830850232;0.50811258116617986;0.50471545731456369;0.50647204678851632;0.50183112200264512;0.50434244511608139;0.0028051147081201494;12;0.58001878160281006;0.57781401655392273;0.57708127706640644;0.57971902386022112;0.57810444011680184;0.57854750784003239;0.0011332473186636768
0.16569137573242188;0.0052416345426265984;0.027933549880981446;0.0011402683784625858;50;50;8;;0.001;"{""clasificador__ccp_alpha"":0.001,""clasificador__class_weight"":null,""clasificador__max_depth"":8,""clasificador__min_samples_leaf"":50,""clasificador__min_samples_split"":50}";0.52365461486929799;0.53280912045911244;0.513361908945558;0.52317622246411721;0.51789584162693381;0.52217954167300396;0.0065154875750739359;2;0.52406843080706045;0.52237466717683267;0.52639600767676065;0.52203710094332056;0.52919147394010257;0.52481353610881532;0.0026788957323591665
0.1193997859954834;0.0025176349951147861;0.026661396026611328;0.0014554860831683446;2;10;5;;0;"{""clasificador__ccp_alpha"":0.0,""clasificador__class_weight"":null,""clasificador__max_depth"":5,""clasificador__min_samples_leaf"":10,""clasificador__min_samples_split"":2}";0.53095901432273462;0.537897198387562;0.51801141848807564;0.52200165996096759;0.5216610268959524;0.52610606361105849;0.0072761219109657481;1;0.53207255229836548;0.53360027963125167;0.53107402949718263;0.53000180090638327;0.53459134186611268;0.53226800083985915;0.0016596572019702131
0.16985492706298827;0.0013910830035078793;0.030225992202758789;0.0038359622391264036;2;100;;;0;"{""clasificador__ccp_alpha"":0.0,""clasificador__class_weight"":null,""clasificador__max_depth"":null,""clasificador__min_samples_leaf"":100,""clasificador__min_samples_split"":2}";0.52264480718769424;0.52337340647062425;0.51573925865620751;0.51989864700505173;0.51013857092601766;0.51835893804911914;0.0049055362041769673;4;0.55871100735504831;0.55197927089323595;0.56083059585831951;0.55810884191794219;0.55678347259706262;0.55728263772432174;0.002955866223680343
0.091782188415527349;0.0026327304361761462;0.02699594497680664;0.0021681190624761389;50;50;3;;0.001;"{""clasificador__ccp_alpha"":0.001,""clasificador__class_weight"":null,""clasificador__max_depth"":3,""clasificador__min_samples_leaf"":50,""clasificador__min_samples_split"":50}";0.50788381862006005;0.50849440718383576;0.49025078085991258;0.51693291879436487;0.49889812606454265;0.50449201030454316;0.0091258304330711481;9;0.5017862928099357;0.49955774489828325;0.50579686293814585;0.51100370013820773;0.50650395496266254;0.50492971114944707;0.003971464170919735
0.09286131858825683;0.0028716264711641571;0.032248830795288085;0.0055575041984753911;10;10;3;;0.0001;"{""clasificador__ccp_alpha"":0.0001,""clasificador__class_weight"":null,""clasificador__max_depth"":3,""clasificador__min_samples_leaf"":10,""clasificador__min_samples_split"":10}";0.50788381862006005;0.50849440718383576;0.49025078085991258;0.51693291879436487;0.49889812606454265;0.50449201030454316;0.0091258304330711481;9;0.5017862928099357;0.49955774489828325;0.50579686293814585;0.51100370013820773;0.50650395496266254;0.50492971114944707;0.003971464170919735
0.14913763999938964;0.01150799544416283;0.030000734329223632;0.0036056989101658225;10;100;5;balanced;0;"{""clasificador__ccp_alpha"":0.0,""clasificador__class_weight"":""balanced"",""clasificador__max_depth"":5,""clasificador__min_samples_leaf"":100,""clasificador__min_samples_split"":10}";0.51167548186074185;0.52688455687679248;0.51036675673460541;0.5138506457819344;0.52513806646818761;0.51758310154445231;0.006992873444579285;5;0.51669672708490377;0.52855849218447437;0.52075028892080166;0.51638318009366779;0.53580214574806662;0.52363816680638275;0.0075010698145084086
0.24817500114440919;0.015351074857697171;0.032601928710937499;0.0059094910826296802;2;50;;balanced;0.001;"{""clasificador__ccp_alpha"":0.001,""clasificador__class_weight"":""balanced"",""clasificador__max_depth"":null,""clasificador__min_samples_leaf"":50,""clasificador__min_samples_split"":2}";0.50069787355306816;0.50787060663605665;0.51271567260912165;0.49826997626328096;0.48971148059307401;0.50185312193092035;0.007947302881858638;15;0.50318323300355194;0.49520378348601501;0.52378318770816656;0.4952948905316788;0.49335611556566522;0.50216424205901555;0.011328161543705433
0.18885245323181152;0.0096413660982375658;0.032154130935668948;0.0060675693877691927;2;50;8;balanced;0.0001;"{""clasificador__ccp_alpha"":0.0001,""clasificador__class_weight"":""balanced"",""clasificador__max_depth"":8,""clasificador__min_samples_leaf"":50,""clasificador__min_samples_split"":2}";0.5225407287239181;0.52583034692269215;0.501112989273094;0.51257724997832688;0.50351712344003496;0.51311568766761328;0.0098689521025464508;6;0.5367456814341347;0.5382396177232236;0.53468224825629962;0.53719223238703939;0.52730613113457381;0.53483318218705422;0.0039371525974061647
0.24272727966308594;0.0065383533334252607;0.0280303955078125;0.0017614811959754022;2;10;12;balanced;0.001;"{""clasificador__ccp_alpha"":0.001,""clasificador__class_weight"":""balanced"",""clasificador__max_depth"":12,""clasificador__min_samples_leaf"":10,""clasificador__min_samples_split"":2}";0.50069787355306816;0.50787060663605665;0.51271567260912165;0.49826997626328096;0.48971148059307401;0.50185312193092035;0.007947302881858638;15;0.50318323300355194;0.49520378348601501;0.52378318770816656;0.4952948905316788;0.49335611556566522;0.50216424205901555;0.011328161543705433
0.20009503364562989;0.0056796486387627795;0.027884626388549806;0.0017067544488504449;50;100;;balanced;0;"{""clasificador__ccp_alpha"":0.0,""clasificador__class_weight"":""balanced"",""clasificador__max_depth"":null,""clasificador__min_samples_leaf"":100,""clasificador__min_samples_split"":50}";0.50183638186655122;0.49936268661696021;0.50177876823259882;0.50219005621495261;0.50487455716833318;0.50200849001987913;0.0017509983521141058;14;0.53999539568914068;0.52925607697861432;0.54179928216101481;0.54286339970107089;0.54200730905853511;0.53918429271767521;0.0050511538293040916
0.097597503662109369;0.0054998853073696639;0.030754709243774415;0.0030318872233456922;2;50;3;;0.0001;"{""clasificador__ccp_alpha"":0.0001,""clasificador__class_weight"":null,""clasificador__max_depth"":3,""clasificador__min_samples_leaf"":50,""clasificador__min_samples_split"":2}";0.50788381862006005;0.50849440718383576;0.49025078085991258;0.51693291879436487;0.49889812606454265;0.50449201030454316;0.0091258304330711481;9;0.5017862928099357;0.49955774489828325;0.50579686293814585;0.51100370013820773;0.50650395496266254;0.50492971114944707;0.003971464170919735
