feature;importance
numericas__Pre_Semester_GPA;0.023043000148559423
numericas__Weekly_GenAI_Hours;0.83189301962716034
numericas__Tool_Diversity;0
numericas__Traditional_Study_Hours;0.00023553602504360123
numericas__Perceived_AI_Dependency;0.0060684757332493729
numericas__Anxiety_Level_During_Exams;0
categoricas__Major_Category_Arts;0
categoricas__Major_Category_Business;0
categoricas__Major_Category_Humanities;0
categoricas__Major_Category_Medical;0
categoricas__Major_Category_STEM;0
categoricas__Year_of_Study_Freshman;0.031995716353043928
categoricas__Year_of_Study_Graduate;0.071266918045535643
categoricas__Year_of_Study_Junior;0
categoricas__Year_of_Study_Senior;0
categoricas__Year_of_Study_Sophomore;0
categoricas__Primary_Use_Case_Copywriting/Drafting;0
categoricas__Primary_Use_Case_Debugging/Troubleshooting;0
categoricas__Primary_Use_Case_Direct_Answer_Generation;0
categoricas__Primary_Use_Case_Ideation;0
categoricas__Primary_Use_Case_Summarizing_Reading;0
categoricas__Prompt_Engineering_Skill_Advanced;0
categoricas__Prompt_Engineering_Skill_Beginner;0.00099340355879660568
categoricas__Prompt_Engineering_Skill_Intermediate;0
categoricas__Institutional_Policy_Actively_Encouraged;0
categoricas__Institutional_Policy_Allowed_With_Citation;0
categoricas__Institutional_Policy_Strict_Ban;0.034503930508611037
booleanas__Paid_Subscription;0
