mean_fit_time;std_fit_time;mean_score_time;std_score_time;param_clasificador__n_estimators;param_clasificador__min_samples_leaf;param_clasificador__max_features;param_clasificador__max_depth;param_clasificador__class_weight;params;split0_test_score;split1_test_score;split2_test_score;split3_test_score;split4_test_score;mean_test_score;std_test_score;rank_test_score;split0_train_score;split1_train_score;split2_train_score;split3_train_score;split4_train_score;mean_train_score;std_train_score
3.4817570686340331;0.098876541952196056;0.099389839172363284;0.0068544050609209133;150;20;sqrt;8;;"{""clasificador__class_weight"":null,""clasificador__max_depth"":8,""clasificador__max_features"":""sqrt"",""clasificador__min_samples_leaf"":20,""clasificador__n_estimators"":150}";0.53215226808950389;0.5321605232860479;0.52473606375691972;0.53017198358222306;0.52191636610309677;0.52822744096355823;0.004163508885861227;7;0.558350027310766;0.55888367156991858;0.55875186181352587;0.55495066493796041;0.55631214827954134;0.55744967478234242;0.0015557435054206648
5.9115797042846676;0.21910743037190877;0.19710278511047363;0.0082993032505591265;150;5;sqrt;;balanced;"{""clasificador__class_weight"":""balanced"",""clasificador__max_depth"":null,""clasificador__max_features"":""sqrt"",""clasificador__min_samples_leaf"":5,""clasificador__n_estimators"":150}";0.52899482358452865;0.53196762027571676;0.52127897017812141;0.53466066708528326;0.52554521840884727;0.52848945990649943;0.0047137354648745444;5;0.86122631081031231;0.85890728845910125;0.85821671040031633;0.86242853332397573;0.86329676074417971;0.86081512074757716;0.0019658217038080604
15.914589595794677;0.16455269665526712;0.20110182762145995;0.021077619851463468;150;1;0.5;16;;"{""clasificador__class_weight"":null,""clasificador__max_depth"":16,""clasificador__max_features"":0.5,""clasificador__min_samples_leaf"":1,""clasificador__n_estimators"":150}";0.52603755112587114;0.52719053978245778;0.528687976449429;0.53243552793770521;0.51629947788555908;0.52613021463620446;0.0053679676289203927;10;0.95388124149204356;0.95183187412628945;0.9508110322642439;0.95050743378853031;0.9512822811762488;0.95166277256947129;0.0011962644058525463
3.4084164619445803;0.071681439981191822;0.096284914016723636;0.0060284964814338671;150;1;sqrt;8;;"{""clasificador__class_weight"":null,""clasificador__max_depth"":8,""clasificador__max_features"":""sqrt"",""clasificador__min_samples_leaf"":1,""clasificador__n_estimators"":150}";0.53056480118632343;0.53159873127363133;0.5254434549030097;0.52776646860921383;0.51755340936051475;0.52658537306653863;0.0050048964191722273;9;0.56973265141296892;0.57101475760736087;0.57052536383673003;0.56854995583829615;0.56794827887487864;0.5695542015140469;0.0011572140359845575
4.8201004028320309;0.15516103318170968;0.14140853881835938;0.0069989028947675218;150;20;sqrt;;;"{""clasificador__class_weight"":null,""clasificador__max_depth"":null,""clasificador__max_features"":""sqrt"",""clasificador__min_samples_leaf"":20,""clasificador__n_estimators"":150}";0.5324893286359712;0.5371539496462221;0.53394599886651983;0.53551491925671291;0.52890484800843529;0.53360180888277231;0.0028176307709041051;3;0.63497643072477716;0.63159698552380794;0.63562544803612031;0.63428631660725454;0.6350865746253368;0.63431435110345935;0.00142397439485335
5.5562415599822996;0.082770834866734047;0.17709965705871583;0.005564819329522944;150;5;sqrt;16;balanced;"{""clasificador__class_weight"":""balanced"",""clasificador__max_depth"":16,""clasificador__max_features"":""sqrt"",""clasificador__min_samples_leaf"":5,""clasificador__n_estimators"":150}";0.52647255436883134;0.53103700377526619;0.52394646477094131;0.53349757571214285;0.52780424386874725;0.52855156849918583;0.0033683274801471689;4;0.79817320265136427;0.80358839350790534;0.79881223284599079;0.80199599809085875;0.80298238592345506;0.80111044260391484;0.0022062532776130519
8.5107975006103516;0.19815956033101104;0.10054607391357422;0.011529665455228986;150;20;0.5;8;;"{""clasificador__class_weight"":null,""clasificador__max_depth"":8,""clasificador__max_features"":0.5,""clasificador__min_samples_leaf"":20,""clasificador__n_estimators"":150}";0.54038558699015748;0.54448142997786853;0.53177182094982212;0.536508601817411;0.53250882216430895;0.53713125237991366;0.0047977883353037109;1;0.56735191358396009;0.56689897023381464;0.56769881395531285;0.5661735952236171;0.56538663240382825;0.56670198508010661;0.00083237329615758258
12.295963382720947;0.28515536855403234;0.15002284049987794;0.012349781730114383;150;20;0.5;;;"{""clasificador__class_weight"":null,""clasificador__max_depth"":null,""clasificador__max_features"":0.5,""clasificador__min_samples_leaf"":20,""clasificador__n_estimators"":150}";0.53265018236607531;0.54152366340157621;0.5333314900254893;0.53554581320181083;0.52595398955631012;0.5338010277102524;0.0050160601444861836;2;0.66254758027665783;0.65722966492592738;0.66025147310001897;0.66125770598389488;0.66001726480782863;0.66026073781886541;0.0017589975425376042
6.3386837482452396;0.15697105567310943;0.21172609329223632;0.01151358507578013;150;1;sqrt;16;;"{""clasificador__class_weight"":null,""clasificador__max_depth"":16,""clasificador__max_features"":""sqrt"",""clasificador__min_samples_leaf"":1,""clasificador__n_estimators"":150}";0.5299402876331557;0.53135685955932244;0.52812789595846477;0.53386501723572066;0.51760952118772219;0.52817991631487715;0.0056079979903434826;8;0.95161103493917565;0.95437420734399891;0.95419004204209612;0.95327212299050823;0.95503106863771148;0.95369569519069797;0.001184331167174433
16.025123023986815;0.16207359736785934;0.2022463321685791;0.0080456328104163734;150;1;0.5;16;balanced;"{""clasificador__class_weight"":""balanced"",""clasificador__max_depth"":16,""clasificador__max_features"":0.5,""clasificador__min_samples_leaf"":1,""clasificador__n_estimators"":150}";0.52937587331503966;0.53182692943389653;0.52638894209989973;0.53011651009828376;0.52355425753584406;0.52825250249659272;0.0029345997113182564;6;0.95524409542666;0.9583150390582843;0.95685867418940751;0.95644798352376803;0.95828719802655815;0.95703059804493551;0.001165282912263504
16.862482070922852;0.21805163131729444;0.16982674598693848;0.0094422683330005943;300;20;0.5;8;balanced;"{""clasificador__class_weight"":""balanced"",""clasificador__max_depth"":8,""clasificador__max_features"":0.5,""clasificador__min_samples_leaf"":20,""clasificador__n_estimators"":300}";0.51783866512767673;0.52991610003198442;0.51559821423064056;0.52706748773639511;0.52056806410527512;0.52219770624639439;0.0054497457232162679;11;0.55082174468451528;0.55010825851450262;0.55318385205296272;0.553354163404155;0.55504356530249044;0.55250231679172523;0.0018002174645944684
37.857659959793089;1.5421120463230675;0.49418392181396487;0.010213982920737207;300;1;0.5;;;"{""clasificador__class_weight"":null,""clasificador__max_depth"":null,""clasificador__max_features"":0.5,""clasificador__min_samples_leaf"":1,""clasificador__n_estimators"":300}";0.51867693801525094;0.52728776445604364;0.51761831557586102;0.52686890476008863;0.51479342560027841;0.52104906968150444;0.0050857046331495067;12;1;1;1;1;1;1;0
