feature;mean;std;repeat_0;repeat_1;repeat_2;repeat_3;repeat_4
Major_Category;-0.00014964492585474166;0.00050020544932838807;-0.00026706992345271185;-0.00081343477482265225;-0.00010259745921625818;-0.00029486365099540279;0.00072974117921331683
Year_of_Study;0.024198310195089313;0.002960748845805522;0.021494499981581705;0.024973838266886039;0.025073340664160337;0.028884129902468803;0.020565742160349676
Pre_Semester_GPA;0.0011593295416225224;0.0016425559272048461;0.0015668184827450915;0.0020323052657721385;0.0003604272882666848;-0.0015112273771520357;0.0033483240484807331
Weekly_GenAI_Hours;0.16021351822793678;0.0050373894271931946;0.16278077311765143;0.16769540471387595;0.15259674356035519;0.16028837668398349;0.15770629306381778
Primary_Use_Case;-0.00057121621296489793;0.00075724048871455391;-0.001958050874881101;-0.00041673670483177716;0.00030382714297383373;-0.00060511002070695596;-0.00018001060737848906
Prompt_Engineering_Skill;-0.00042348262420928152;0.00020504912908273697;-0.00024901830178925;-0.00030763466716277055;-0.00069882979601487705;-0.00064361410878432945;-0.00021831624729518051
Tool_Diversity;0.00039203075374159011;0.00027090749096977864;0.00086246566813830139;0.00050731923718339011;0.00015601644164708883;0.00012913382794932371;0.00030521859378984662
Paid_Subscription;-0.00013951949771269235;0.00019993506796710234;-8.0141980340897589e-05;-1.9480598914989322e-05;-0.00032028404630912721;0.00013433802285101049;-0.00041202888584945807
Traditional_Study_Hours;-0.0012316301576372757;0.0022995494134916273;-0.0019691810615686256;0.0011079238079131359;-0.00015654190891689623;-0.0053704364924002101;0.00023008486678621765
Perceived_AI_Dependency;0.011683405698440775;0.001473134594992449;0.010475523004942033;0.012565208919809501;0.012652742960555297;0.013294076616163442;0.0094294769907335985
Institutional_Policy;0.0080351380146668656;0.0007406341860171483;0.0079075854828406511;0.008634318289693077;0.0079358418355850446;0.0089186060973323045;0.0067793383678832475
Anxiety_Level_During_Exams;-0.0012099973094490846;0.00074440238401892475;-0.0010027340713535393;-0.00064674867442660045;-0.0019877394543671434;-0.0021565291331158143;-0.0002562352139823254
Post_Semester_GPA;-0.00054368097483985527;0.0011878230428892737;-0.0019273908268196971;-0.0007843192208433214;-0.0014072223224887992;-8.7631416447409016e-05;0.0014881589123999506
Skill_Retention_Score;-0.00034487496891220102;0.00048724875705950441;-0.00097726510880880024;-0.00015898447510409586;-0.00082601071296639628;0.00033206109564465347;-9.4175643326366298e-05
