mean_fit_time;std_fit_time;mean_score_time;std_score_time;param_clasificador__C;param_clasificador__class_weight;params;split0_test_score;split1_test_score;split2_test_score;split3_test_score;split4_test_score;mean_test_score;std_test_score;rank_test_score;split0_train_score;split1_train_score;split2_train_score;split3_train_score;split4_train_score;mean_train_score;std_train_score
0.22406334877014161;0.045987286069332764;0.031932163238525393;0.0065112204403222533;0.01;;"{""clasificador__C"":0.01,""clasificador__class_weight"":null}";0.54214510323896192;0.5404558551719868;0.53144995170670173;0.53842328925814686;0.53400853055810649;0.53729654598678078;0.0039938202886466356;5;0.53889104779112695;0.53913893369347421;0.54048439185093233;0.53831249045245488;0.53892908037548137;0.53915118883269397;0.00072083298725374319
0.21462907791137695;0.021560296789343559;0.035751104354858398;0.0054796567722760871;0.01;balanced;"{""clasificador__C"":0.01,""clasificador__class_weight"":""balanced""}";0.51501784717371146;0.52094542381458531;0.51261102539607561;0.51720144022310643;0.51192227380615951;0.51553960208272775;0.0032838534698304018;10;0.51772589801949298;0.51585320815065794;0.5196417455996909;0.51669851654202925;0.51933747668981944;0.51785136900033812;0.0014663848724740173
0.18440279960632325;0.017554499314924636;0.036095142364501953;0.0021688065459420118;0.10000000000000001;;"{""clasificador__C"":0.1,""clasificador__class_weight"":null}";0.54127653174535317;0.54056869191356416;0.53578974764037568;0.54368922260079422;0.53577650017879286;0.539420138815776;0.0031447189983929967;4;0.54046302507808552;0.54007246206404036;0.5420890870413011;0.53876208587109053;0.5412883412018602;0.54053500025127554;0.001126503949254779
0.19461517333984374;0.015489348434927216;0.036936044692993164;0.0051447174379884554;0.10000000000000001;balanced;"{""clasificador__C"":0.1,""clasificador__class_weight"":""balanced""}";0.51367133697448963;0.5205726870595131;0.51363888776097089;0.51891518361452782;0.51292794267032471;0.5159452076159653;0.0031568278430219401;9;0.51786123300736531;0.5160819580721161;0.52017124815306459;0.51657780488717253;0.51954378528580214;0.51804720588110409;0.0016004517880340735
0.17347331047058107;0.015164886488874244;0.033231782913208011;0.0046789757549857902;1;;"{""clasificador__C"":1,""clasificador__class_weight"":null}";0.54160396259126797;0.5407583654130067;0.53574918563582952;0.544079883747281;0.53541406964825311;0.53952109340712773;0.0033984316327208366;3;0.5410389641725436;0.54028587375122372;0.54206613538118853;0.53888000213782772;0.54128428171579757;0.54071105143171627;0.0010775796778838159
0.16809759140014649;0.015325157098570704;0.033254528045654298;0.0048148216957424293;1;balanced;"{""clasificador__C"":1,""clasificador__class_weight"":""balanced""}";0.51349556409351116;0.52023263626718352;0.51362742996401545;0.52013482158068047;0.51350382981365872;0.51619885634380991;0.0032541171900075296;6;0.51820684658853799;0.51652707985702007;0.52003283038790971;0.5167117417001319;0.51958718903808565;0.51821313751433706;0.0014350135284731187
0.16281023025512695;0.0049158263061888034;0.028498268127441405;0.0017028980049706634;10;;"{""clasificador__C"":10,""clasificador__class_weight"":null}";0.54149435082492026;0.5407583654130067;0.53605306208371184;0.54396656698195978;0.53541406964825311;0.5395372829903704;0.0032887808397964605;2;0.54103586932699699;0.54044397483637263;0.54189247845939104;0.53877827512332621;0.54135320496254247;0.54070076054172589;0.0010695851810807646
0.16605963706970214;0.015269963873533738;0.031718635559082033;0.0045968979276812868;10;balanced;"{""clasificador__C"":10,""clasificador__class_weight"":""balanced""}";0.51364255944622061;0.52008594628959293;0.5134823668500772;0.52013482158068047;0.51350382981365872;0.51616990479604596;0.0032178948593226272;8;0.5181161164219894;0.51636000968045381;0.52011141313947362;0.51673768257793229;0.51963438960100661;0.51819192228417121;0.0014994412654938864
0.16763739585876464;0.021096297979168444;0.028595876693725587;0.0011908857852496802;100;;"{""clasificador__C"":100,""clasificador__class_weight"":null}";0.54149435082492026;0.54094793624683712;0.53605306208371184;0.54396656698195978;0.53541406964825311;0.53957519715713642;0.003303698229801341;1;0.54103586932699699;0.54041570825211027;0.54189247845939104;0.53877827512332621;0.54131816674267219;0.54068809958089925;0.0010667786464254151
0.15910835266113282;0.0071300720936678195;0.030124568939208986;0.0034506074712371926;100;balanced;"{""clasificador__C"":100,""clasificador__class_weight"":""balanced""}";0.51364255944622061;0.52016264656475342;0.5134823668500772;0.52015982230577895;0.51350382981365872;0.51619024499609778;0.0032427658098413844;7;0.5181182664807592;0.5163490890130854;0.52014787255469319;0.51670592419948358;0.51963438960100661;0.51819110836980564;0.0015176363239394828
