class;feature;coefficient
High;numericas__Pre_Semester_GPA;-0.1168109743395442
High;numericas__Weekly_GenAI_Hours;0.78171495492614229
High;numericas__Tool_Diversity;0.0011900657925440581
High;numericas__Traditional_Study_Hours;-0.10596135453493563
High;numericas__Perceived_AI_Dependency;0.18338098129636554
High;numericas__Anxiety_Level_During_Exams;0.037011939426570856
High;numericas__Post_Semester_GPA;-0.066771049126817583
High;numericas__Skill_Retention_Score;0.00037349004058690035
High;categoricas__Major_Category_Arts;-0.0092324390221727223
High;categoricas__Major_Category_Business;-0.047209994392034951
High;categoricas__Major_Category_Humanities;-0.048572230146670996
High;categoricas__Major_Category_Medical;-0.0025912690305227052
High;categoricas__Major_Category_STEM;-0.03139282739536324
High;categoricas__Year_of_Study_Freshman;-0.47515445480648283
High;categoricas__Year_of_Study_Graduate;0.53664848883812122
High;categoricas__Year_of_Study_Junior;-0.057822398805294599
High;categoricas__Year_of_Study_Senior;0.081921338879454395
High;categoricas__Year_of_Study_Sophomore;-0.22459173409256389
High;categoricas__Primary_Use_Case_Copywriting/Drafting;-0.037570437128422583
High;categoricas__Primary_Use_Case_Debugging/Troubleshooting;-0.041825214467050682
High;categoricas__Primary_Use_Case_Direct_Answer_Generation;0.032991524246879324
High;categoricas__Primary_Use_Case_Ideation;-0.032089969642166177
High;categoricas__Primary_Use_Case_Summarizing_Reading;-0.060504662996004495
High;categoricas__Prompt_Engineering_Skill_Advanced;-0.044501545782113995
High;categoricas__Prompt_Engineering_Skill_Beginner;-0.050839396550193684
High;categoricas__Prompt_Engineering_Skill_Intermediate;-0.043657817654456817
High;categoricas__Institutional_Policy_Actively_Encouraged;-0.15271440494632663
High;categoricas__Institutional_Policy_Allowed_With_Citation;-0.12903594811737548
High;categoricas__Institutional_Policy_Strict_Ban;0.14275159307693749
High;booleanas__Paid_Subscription;0.034098354892238877
Low;numericas__Pre_Semester_GPA;0.11362239973264755
Low;numericas__Weekly_GenAI_Hours;-0.73865603209145503
Low;numericas__Tool_Diversity;-0.00071559937203698567
Low;numericas__Traditional_Study_Hours;0.09823696886256969
Low;numericas__Perceived_AI_Dependency;-0.19373975689300302
Low;numericas__Anxiety_Level_During_Exams;-0.029101789158010472
Low;numericas__Post_Semester_GPA;0.065049604835248631
Low;numericas__Skill_Retention_Score;0.0056927509335011331
Low;categoricas__Major_Category_Arts;-0.039525914848022925
Low;categoricas__Major_Category_Business;0.012244255552656564
Low;categoricas__Major_Category_Humanities;0.010460073340601232
Low;categoricas__Major_Category_Medical;-0.01407370317472622
Low;categoricas__Major_Category_STEM;-0.033793279403662516
Low;categoricas__Year_of_Study_Freshman;0.41526814545544705
Low;categoricas__Year_of_Study_Graduate;-0.55263615407822997
Low;categoricas__Year_of_Study_Junior;0.020908659492204256
Low;categoricas__Year_of_Study_Senior;-0.12297044863097381
Low;categoricas__Year_of_Study_Sophomore;0.17474122922839902
Low;categoricas__Primary_Use_Case_Copywriting/Drafting;-0.00085875185949662041
Low;categoricas__Primary_Use_Case_Debugging/Troubleshooting;0.0079327411569404451
Low;categoricas__Primary_Use_Case_Direct_Answer_Generation;-0.059901385273334336
Low;categoricas__Primary_Use_Case_Ideation;-0.02518358168879254
Low;categoricas__Primary_Use_Case_Summarizing_Reading;0.013322409131529343
Low;categoricas__Prompt_Engineering_Skill_Advanced;-0.041039188054054182
Low;categoricas__Prompt_Engineering_Skill_Beginner;-0.0074550574717021914
Low;categoricas__Prompt_Engineering_Skill_Intermediate;-0.016194323007397295
Low;categoricas__Institutional_Policy_Actively_Encouraged;0.051831192769492697
Low;categoricas__Institutional_Policy_Allowed_With_Citation;0.0086885382709939295
Low;categoricas__Institutional_Policy_Strict_Ban;-0.12520829957364046
Low;booleanas__Paid_Subscription;-0.020248688235865217
Medium;numericas__Pre_Semester_GPA;0.0031885746068965387
Medium;numericas__Weekly_GenAI_Hours;-0.043058922834688027
Medium;numericas__Tool_Diversity;-0.0004744664205076234
Medium;numericas__Traditional_Study_Hours;0.0077243856723660598
Medium;numericas__Perceived_AI_Dependency;0.010358775596635918
Medium;numericas__Anxiety_Level_During_Exams;-0.007910150268560498
Medium;numericas__Post_Semester_GPA;0.001721444291569062
Medium;numericas__Skill_Retention_Score;-0.0060662409740881518
Medium;categoricas__Major_Category_Arts;0.048758353870195739
Medium;categoricas__Major_Category_Business;0.03496573883937841
Medium;categoricas__Major_Category_Humanities;0.038112156806069733
Medium;categoricas__Major_Category_Medical;0.016664972205248974
Medium;categoricas__Major_Category_STEM;0.065186106799025686
Medium;categoricas__Year_of_Study_Freshman;0.059886309351035352
Medium;categoricas__Year_of_Study_Graduate;0.01598766524010865
Medium;categoricas__Year_of_Study_Junior;0.036913739313090381
Medium;categoricas__Year_of_Study_Senior;0.041049109751519521
Medium;categoricas__Year_of_Study_Sophomore;0.049850504864164751
Medium;categoricas__Primary_Use_Case_Copywriting/Drafting;0.038429188987919305
Medium;categoricas__Primary_Use_Case_Debugging/Troubleshooting;0.033892473310110277
Medium;categoricas__Primary_Use_Case_Direct_Answer_Generation;0.026909861026455085
Medium;categoricas__Primary_Use_Case_Ideation;0.057273551330958794
Medium;categoricas__Primary_Use_Case_Summarizing_Reading;0.04718225386447529
Medium;categoricas__Prompt_Engineering_Skill_Advanced;0.085540733836168587
Medium;categoricas__Prompt_Engineering_Skill_Beginner;0.058294454021896029
Medium;categoricas__Prompt_Engineering_Skill_Intermediate;0.059852140661854354
Medium;categoricas__Institutional_Policy_Actively_Encouraged;0.10088321217683409
Medium;categoricas__Institutional_Policy_Allowed_With_Citation;0.12034740984638152
Medium;categoricas__Institutional_Policy_Strict_Ban;-0.017543293503297013
Medium;booleanas__Paid_Subscription;-0.01384966665637344
